{
    "loss": 23.96233558654785,
    "accuracy": 0.5467625856399536
}