{
    "loss": 1.4465335607528687,
    "accuracy": 0.8057553768157959
}